province,lat,lon
Thành phố Cần Thơ,10.0364634,105.7875821
Long An,10.6983968,106.1883517
Đồng Tháp,10.5904240,105.6802341
An Giang,10.5392057,105.2312822
Tiền Giang,10.4030368,106.3616330
Bến Tre,10.1093637,106.4811559
Vĩnh Long,10.1203043,106.0125705
Trà Vinh,9.8037998,106.3256808
Hậu Giang,9.7985063,105.6379524
Kiên Giang,9.9904962,105.2435248
Sóc Trăng,9.5628369,105.9493991
Bạc Liêu,9.3298341,105.5099460
Cà Mau,9.0180177,105.0869724
